limiar_cm,horizonte_dias,metodo,anos_sem_evento,anos_com_alarme_falso
1500,14,climatologia__principal,2,0
1500,14,analogos__so_manaus,2,0
1500,14,logistica__so_manaus,2,0
1500,14,gradient_boosting__so_manaus,2,0
1500,14,jev__principal,2,0
1500,14,jev__principal__cal,2,0
1500,30,climatologia__principal,2,0
1500,30,analogos__so_manaus,2,0
1500,30,logistica__so_manaus,2,0
1500,30,gradient_boosting__so_manaus,2,0
1500,30,jev__principal,2,0
1500,30,jev__principal__cal,2,0
1770,14,climatologia__principal,2,0
1770,14,analogos__so_manaus,2,0
1770,14,logistica__so_manaus,2,0
1770,14,gradient_boosting__so_manaus,2,0
1770,14,jev__principal,2,0
1770,14,jev__principal__cal,2,0
1770,30,climatologia__principal,2,0
1770,30,analogos__so_manaus,2,0
1770,30,logistica__so_manaus,2,0
1770,30,gradient_boosting__so_manaus,2,0
1770,30,jev__principal,2,1
1770,30,jev__principal__cal,2,1
