limiar_cm,horizonte_dias,metodo,n,positivos,brier,log_loss,auc,bss_vs_climatologia
1500,14,climatologia__principal,216,0,0.00011456798321010665,0.01031457564249196,,0.0
1500,14,tendencia__principal,216,0,1.0000000000000002e-06,0.0010005003335835341,,0.9912715579695062
1500,14,analogos__principal,216,0,0.0009765625,0.031748698314580284,,-7.523869170404078
1500,14,logistica__principal,216,0,7.606123030450444e-06,0.0016043429393106795,,0.9336103960519097
1500,14,gradient_boosting__principal,216,0,1.0000000000000002e-06,0.0010005003335835341,,0.9912715579695062
1500,14,climatologia__so_manaus,216,0,3.299191796397418e-05,0.005179991902732556,,0.7120319565766452
1500,14,tendencia__so_manaus,216,0,1.0000000000000002e-06,0.0010005003335835341,,0.9912715579695062
1500,14,analogos__so_manaus,216,0,0.0009765625,0.031748698314580284,,-7.523869170404078
1500,14,logistica__so_manaus,216,0,1.0000000000000002e-06,0.0010005003335835341,,0.9912715579695062
1500,14,gradient_boosting__so_manaus,216,0,1.0000000000000002e-06,0.0010005003335835341,,0.9912715579695062
1500,14,jev__principal,216,0,3.7499999999999997e-06,0.0012518846535812538,,0.9672683423856483
1500,14,climatologia__principal__cal,216,0,2.4929863347847645e-06,0.0013875829878889883,,0.978240113294018
1500,14,tendencia__principal__cal,216,0,1.0000000000000002e-06,0.0010005003335835341,,0.9912715579695062
1500,14,analogos__principal__cal,216,0,1.0000000000000002e-06,0.0010005003335835341,,0.9912715579695062
1500,14,logistica__principal__cal,216,0,2.478687163822934e-05,0.00280903033873286,,0.7836492277884249
1500,14,gradient_boosting__principal__cal,216,0,1.978570191000413e-05,0.004458034459234449,,0.827301647845899
1500,14,climatologia__so_manaus__cal,216,0,1.0000000000000002e-06,0.0010005003335835341,,0.9912715579695062
1500,14,tendencia__so_manaus__cal,216,0,1.0000000000000002e-06,0.0010005003335835341,,0.9912715579695062
1500,14,analogos__so_manaus__cal,216,0,1.0000000000000002e-06,0.0010005003335835341,,0.9912715579695062
1500,14,logistica__so_manaus__cal,216,0,1.0000000000000002e-06,0.0010005003335835341,,0.9912715579695062
1500,14,gradient_boosting__so_manaus__cal,216,0,1.0000000000000002e-06,0.0010005003335835341,,0.9912715579695062
1500,14,jev__principal__cal,216,0,1.0000000000000002e-06,0.0010005003335835341,,0.9912715579695062
1500,30,climatologia__principal,200,0,0.00011041067655182344,0.010104924304319434,,0.0
1500,30,tendencia__principal,200,0,0.0012855937254467075,0.013503538955645617,,-10.643744659451377
1500,30,analogos__principal,200,0,0.0009765625,0.03174869831458029,,-7.844819454952177
1500,30,logistica__principal,200,0,5.1468434259318555e-06,0.0016304830980388265,,0.9533845495139586
1500,30,gradient_boosting__principal,200,0,1.0000000000000002e-06,0.0010005003335835341,,0.990942904878129
1500,30,climatologia__so_manaus,200,0,3.34900050705217e-05,0.005180093110148652,,0.696677838444342
1500,30,tendencia__so_manaus,200,0,0.0017844778110378042,0.016383487428690134,,-15.162185277437587
1500,30,analogos__so_manaus,200,0,0.0009765625,0.03174869831458029,,-7.844819454952177
1500,30,logistica__so_manaus,200,0,1.0000000000000002e-06,0.0010005003335835341,,0.990942904878129
1500,30,gradient_boosting__so_manaus,200,0,1.0000000000000002e-06,0.0010005003335835341,,0.990942904878129
1500,30,jev__principal,200,0,0.000284645,0.008692917384763856,,-1.5780568409649787
1500,30,climatologia__principal__cal,200,0,3.3590370918101353e-06,0.001648143436663158,,0.9695768815415826
1500,30,tendencia__principal__cal,200,0,1.791338259672217e-05,0.002295889474894675,,0.8377567898670183
1500,30,analogos__principal__cal,200,0,1.0000000000000002e-06,0.0010005003335835341,,0.990942904878129
1500,30,logistica__principal__cal,200,0,1.8823220752248977e-06,0.00122002159686202,,0.9829516299146904
1500,30,gradient_boosting__principal__cal,200,0,1.0000000000000002e-06,0.0010005003335835341,,0.990942904878129
1500,30,climatologia__so_manaus__cal,200,0,1.0000000000000002e-06,0.0010005003335835341,,0.990942904878129
1500,30,tendencia__so_manaus__cal,200,0,9.171739546785748e-06,0.0018158597824909101,,0.9169306824917351
1500,30,analogos__so_manaus__cal,200,0,5.717006348026394e-06,0.0023938892801899573,,0.9482205296935844
1500,30,logistica__so_manaus__cal,200,0,1.0000000000000002e-06,0.0010005003335835341,,0.990942904878129
1500,30,gradient_boosting__so_manaus__cal,200,0,1.0000000000000002e-06,0.0010005003335835341,,0.990942904878129
1500,30,jev__principal__cal,200,0,1.0000000000000002e-06,0.0010005003335835341,,0.990942904878129
1770,14,climatologia__principal,216,0,0.002987866780926828,0.025108791428373016,,0.0
1770,14,tendencia__principal,216,0,0.0037297986979502435,0.01787072600496549,,-0.24831492547109812
1770,14,analogos__principal,216,0,0.001736111111111111,0.03651247680708454,,0.41894627893263225
1770,14,logistica__principal,216,0,0.0001089967889387979,0.0039373792434221466,,0.963520197876765
1770,14,gradient_boosting__principal,216,0,9.239479272030473e-06,0.0012106177275037257,,0.9969076669244389
1770,14,climatologia__so_manaus,216,0,0.0010811206268859278,0.013316346265867127,,0.6381630420113419
1770,14,tendencia__so_manaus,216,0,0.00446099944669876,0.02124891744702874,,-0.49303826903385906
1770,14,analogos__so_manaus,216,0,0.0019169560185185186,0.03891631119383899,,0.35841984965478146
1770,14,logistica__so_manaus,216,0,0.00015860651096971827,0.004327959422815619,,0.9469164716505469
1770,14,gradient_boosting__so_manaus,216,0,5.007777991207292e-05,0.002740112441372803,,0.9832396209122353
1770,14,jev__principal,216,0,0.0008047638888888888,0.013041745870418831,,0.7306560339215481
1770,14,climatologia__principal__cal,216,0,0.006557508889735341,0.030823383698189977,,-1.1947126061963242
1770,14,tendencia__principal__cal,216,0,0.00030937851075829104,0.004498996388662518,,0.8964550519008339
1770,14,analogos__principal__cal,216,0,0.000560148009035038,0.012182532377311199,,0.8125257750409871
1770,14,logistica__principal__cal,216,0,0.0001344126502512466,0.004130158616584477,,0.9550138409418802
1770,14,gradient_boosting__principal__cal,216,0,6.226402374344877e-05,0.006924824710968823,,0.9791610442135795
1770,14,climatologia__so_manaus__cal,216,0,0.0013500545403100515,0.01413950391840003,,0.5481543725683551
1770,14,tendencia__so_manaus__cal,216,0,0.0003127093047167884,0.004496262344887351,,0.8953402786519863
1770,14,analogos__so_manaus__cal,216,0,0.000378312021264065,0.012654078544714968,,0.8733839059763188
1770,14,logistica__so_manaus__cal,216,0,4.917250285132113e-05,0.002504662152010703,,0.9835426053245694
1770,14,gradient_boosting__so_manaus__cal,216,0,7.108755385780205e-05,0.00400523745347547,,0.976207923890184
1770,14,jev__principal__cal,216,0,0.00033654790693667537,0.0073935135100204104,,0.8873618097416381
1770,30,climatologia__principal,200,0,0.008703883362357966,0.046107671800690773,,0.0
1770,30,tendencia__principal,200,0,0.1161587727013084,0.30028291627692155,,-12.345626068895283
1770,30,analogos__principal,200,0,0.010833333333333335,0.1010583256719804,,-0.24465515934929538
1770,30,logistica__principal,200,0,0.005546023967218042,0.041708095039981095,,0.3628103989532816
1770,30,gradient_boosting__principal,200,0,0.00023598559846557752,0.00635413071098789,,0.972887320677325
1770,30,climatologia__so_manaus,200,0,0.008544407566545877,0.04626124940795799,,0.018322372804509324
1770,30,tendencia__so_manaus,200,0,0.11830275066770696,0.3068402877339911,,-12.591950367733054
1770,30,analogos__so_manaus,200,0,0.0044140625,0.05274053699364924,,0.4928628617555155
1770,30,logistica__so_manaus,200,0,0.009130094578922925,0.049473717220313664,,-0.04896793750801076
1770,30,gradient_boosting__so_manaus,200,0,0.004326814840200912,0.03008366766352306,,0.5028868540549081
1770,30,jev__principal,200,0,0.045944185,0.14510849075326918,,-4.278584637139861
1770,30,climatologia__principal__cal,200,0,0.018008187694706863,0.07278195265760105,,-1.068983113053605
1770,30,tendencia__principal__cal,200,0,0.019941612990546517,0.0800247947050316,,-1.29111675333206
1770,30,analogos__principal__cal,200,0,0.00467793357244412,0.044528904680135144,,0.46254638559669037
1770,30,logistica__principal__cal,200,0,0.009012043021631406,0.04986987999474885,,-0.03540484706012381
1770,30,gradient_boosting__principal__cal,200,0,0.0030060332598310633,0.03791021629172343,,0.6546330948285248
1770,30,climatologia__so_manaus__cal,200,0,0.012878226222744165,0.06232147651683986,,-0.4795954502836226
1770,30,tendencia__so_manaus__cal,200,0,0.020752130809588945,0.08126429815974001,,-1.3842381550442782
1770,30,analogos__so_manaus__cal,200,0,0.003265724679565828,0.03788888155474584,,0.6247968241751447
1770,30,logistica__so_manaus__cal,200,0,0.008463352360042779,0.04756397852099342,,0.027634906432158823
1770,30,gradient_boosting__so_manaus__cal,200,0,0.005380919504377662,0.03898058591780685,,0.38177945632305454
1770,30,jev__principal__cal,200,0,0.02876843066484572,0.10461627989308458,,-2.3052408295430187
